{"m_players":[{"position":{"x":-12.21613883972168,"y":3.830157518386841,"z":0.0}},{"position":{"x":0.3834975063800812,"y":4.962924480438232,"z":0.0}}]}