{"m_players":[{"position":{"x":-16.551984786987306,"y":-3.824002742767334,"z":0.0}},{"position":{"x":6.746161937713623,"y":10.560637474060059,"z":0.0}}]}