{"m_players":[{"position":{"x":-7.0,"y":7.576000213623047,"z":0.0},"valoresMokepon":[0,0,100,100]},{"position":{"x":2.637892723083496,"y":7.739360332489014,"z":0.0},"valoresMokepon":[1,0,100,7]}]}